_MeanReward,Steps,_min_reward,_max_reward,_mean_reward,_std_reward,_min_action,_max_action,_mean_action,_std_action,_min_observation,_max_observation,_mean_observation,_std_observations,_min_value_loss,_max_value_loss,mean_value_loss,_std_value_loss,_min_policy_loss,_max_policy_loss,mean_policy_loss,_std_policy_loss,policy_lr,value_lr,exploration_factor,_episode
0.5255675258375265,2474,-0.00011276139085602753,0.9826692032355501,0.5255675258375265,0.21567649876390424,-0.47993782,1.0982088,0.21423733,0.3133031,-0.5840053550828974,1.0,0.158565514326092,0.2679949068685254,5.3346216e-10,0.21529803,0.017244501,0.024737975,0.00023773291103155284,0.053973893513828176,0.009826641765758128,0.006434810023526593,0.0005,0.0005,0.1,50
0.6830592205018567,2378,0.012114552752868312,0.9709142639523652,0.6830592205018567,0.15135427267055143,-0.51664436,1.0646433,0.2895697,0.40742064,-0.6109341789353824,1.0,0.20458287845991197,0.34688757847649515,4.2531667e-10,0.29164374,0.017516222,0.024027493,0.0003827327826033107,0.045826401070390585,0.009698230017158136,0.006114654896363957,0.0005,0.0005,0.0995,100
0.7340849071575312,2256,0.08687440489342965,0.9831546396618501,0.7340849071575312,0.12760411058902954,-0.5380726,1.0405451,0.3356489,0.43972078,-0.6150394669964803,1.0,0.23308905509530858,0.3766568920201857,7.5502626e-10,0.16948056,0.01308158,0.018338125,0.0003698143594086007,0.0593812586163371,0.009426114513999074,0.005881744275059202,0.0005,0.0005,0.099,150
0.7504086530778394,2075,0.22806948271329597,0.9863540300094816,0.7504086530778394,0.11086859327595197,-0.5438309,1.0413774,0.31396624,0.43800542,-0.5974061312450099,1.0,0.21907775431658294,0.37169724852180697,8.28809e-10,0.29928496,0.012111747,0.01897225,0.0004578413995061218,0.04789245112470292,0.009545466580411789,0.005795524270775794,0.0005,0.0005,0.0985,200
0.7633630201501361,2197,0.2564420578890799,0.979079216549885,0.7633630201501361,0.10520701956135725,-0.51711506,1.0326852,0.31307092,0.4058964,-0.5920595278644272,1.0,0.21836208725610284,0.34856370460787633,1.5667467e-10,0.17607115,0.0108549595,0.01547386,0.00029700378326728627,0.03919745447217466,0.009431495056840997,0.005781806912866315,0.0005,0.0005,0.098,250
0.7647035666101651,2264,0.3761172908991709,0.9829150282221287,0.7647035666101651,0.1004119864318303,-0.5332535,1.019199,0.31628773,0.45466033,-0.588834544849629,1.0,0.22038801605612887,0.38433661366123223,1.4210855e-14,0.19638619,0.010531342,0.015277248,0.0003101925041564512,0.045096293582784094,0.009438744370955694,0.005944152253666305,0.0005,0.0005,0.0975,300
0.7605401408155082,2104,0.3236887957969883,0.9866033748543791,0.7605401408155082,0.10262760331123136,-0.5346938,0.8591511,0.24585168,0.38920754,-0.5896670586194772,1.0,0.17573015117452093,0.325392726538001,5.712799e-10,0.19958404,0.011041704,0.016934425,0.00022732404279322892,0.04190477385575517,0.00923689197270767,0.00592712641618557,0.0005,0.0005,0.097,350
0.7682881705447957,2178,0.38106654604486706,0.9801747955612093,0.7682881705447957,0.10107611424763477,-0.5019982,0.79084426,0.21669698,0.39294028,-0.6369457230835893,0.9692364990886351,0.15821188432578137,0.32443743149055587,1.7351809e-10,0.1385623,0.010808607,0.015328542,0.0001821283059132454,0.04705656217084519,0.009351551653505883,0.006072914623986459,0.0005,0.0005,0.0965,400
0.7718713568847752,2067,0.3116312826415214,0.9816298539914865,0.7718713568847752,0.10097463261332783,-0.50851345,0.790205,0.22069892,0.39871222,-0.5981762850242652,0.9442987525129831,0.16194373893537348,0.3298492636047402,2.3424604e-09,0.1814092,0.010748854,0.015878588,0.00019699521898452576,0.04017210373393892,0.009234403962582375,0.0058080056664329,0.0005,0.0005,0.096,450
0.7786540172939157,2328,0.4385178915804796,0.9825765876092074,0.7786540172939157,0.10077728832874644,-0.51694274,0.8135622,0.22309269,0.40239394,-0.5707439531456638,0.9861459947225628,0.1631764928847809,0.332771557793943,2.8453329e-10,0.12785839,0.010530918,0.014738707,6.823284374995476e-05,0.044984504001733636,0.008928106404745716,0.005749207940299394,0.0005,0.0005,0.0955,500
0.7737100168797222,2197,0.379610533247858,0.9831696046918945,0.7737100168797222,0.09802216474740837,-0.5130323,0.88443106,0.2121832,0.38563535,-0.5888996320637542,1.0,0.15601116418864305,0.3187354655834186,1.7408297e-11,0.14913896,0.009878556,0.014241286,0.00010168324268952972,0.04271015999365932,0.009088299855417864,0.005794495164987769,0.0005,0.0005,0.095,550
0.7789118948698689,2061,0.43443637119196843,0.9822515988743882,0.7789118948698689,0.09425440005559965,-0.52235043,1.059032,0.23885809,0.38898507,-0.5886914707263952,1.0,0.17288328990443982,0.3240531221606002,4.4644857e-09,0.13809939,0.009414429,0.013570736,0.0001716614239807919,0.03966050826533167,0.008674126863186641,0.005076397935700403,0.0005,0.0005,0.0945,600
0.7821754717541853,2012,0.3780206106890509,0.9887903913707095,0.7821754717541853,0.09535720088866749,-0.5154321,0.9124098,0.21584313,0.39793083,-0.5689221360288774,1.0,0.1574841538960298,0.328028502647288,1.1155464e-08,0.17436866,0.009504644,0.014148787,0.00029413224755380505,0.03685994023050252,0.008632769019950425,0.005629288840854288,0.0005,0.0005,0.094,650
0.7843021409096826,1833,0.3639598291901148,0.9888914310254161,0.7843021409096826,0.09624719499068748,-0.5149474,0.85801625,0.18739331,0.38362157,-0.5827838494335967,0.9789948175740789,0.13829742360893799,0.3146682671132162,2.0514822e-08,0.17462765,0.009587546,0.01412968,0.00014764934738002895,0.03581207981978955,0.008585735859423774,0.00538561631846751,0.0005,0.0005,0.0935,700
0.7814610359812021,1901,0.39751763522173345,0.9903474570416715,0.7814610359812021,0.0957749218199518,-0.5290152,0.85436577,0.18784076,0.37583557,-0.5950825348564,0.9769458914690813,0.1408010328054889,0.3095112291405131,5.1159077e-13,0.16871965,0.009544421,0.013369351,0.00024518909032012165,0.03984851241427875,0.008679860258019104,0.005567314429605055,0.0005,0.0005,0.093,750
0.7871961723527462,1887,0.39705772578302356,0.9863731033069152,0.7871961723527462,0.09531067181906912,-0.5330626,0.9320082,0.18750885,0.3964385,-0.5785082517377164,1.0,0.13919971583573842,0.32383351933363386,4.2041393e-10,0.14315799,0.009508618,0.014323426,0.0002302885947092149,0.05835325624246549,0.008601609787899214,0.005675057074097746,0.0005,0.0005,0.0925,800
0.7799360668617719,1872,0.33145509752885316,0.9870125623631165,0.7799360668617719,0.10216654210495218,-0.5018605,0.7656007,0.1683527,0.3958569,-0.712595814086117,0.8971078270191953,0.1278406188187337,0.32264931974486377,1.39843905e-08,0.19258742,0.010904792,0.015751502,0.00022339112529510017,0.03455201494808803,0.008437151929443344,0.0053753000196562735,0.0005,0.0005,0.092,850
0.7838142185320754,1990,0.3410600774266882,0.9938763953621162,0.7838142185320754,0.09753028714049133,-0.51777196,0.73792464,0.15624651,0.3945224,-0.5923415926503182,0.8782412426009627,0.12078714194795215,0.31907143603616417,9.462383e-09,0.2139899,0.009816187,0.015213007,0.00020895749308580538,0.03976659240994161,0.008390975312288615,0.0054892366849605195,0.0005,0.0005,0.0915,900
0.7892791421464173,1965,0.4102540604479226,0.9836476079520786,0.7892791421464173,0.09496222330847083,-0.50062287,0.79466414,0.21978274,0.39385676,-0.5775639857118046,0.9566343608118022,0.1591335906138502,0.32491633760402316,1.5805632e-09,0.14981924,0.009333507,0.013524873,0.00030134706215218085,0.03208554805401478,0.008157916344497466,0.0051392280610074725,0.0005,0.0005,0.091,950
0.7836917256773273,1991,0.31148363765907644,0.9861961316682034,0.7836917256773273,0.09664291954747904,-0.50347215,0.8212107,0.21275148,0.37881982,-0.5999911096658129,0.9358051291197672,0.1561338027696476,0.31276793386044216,5.6492446e-09,0.20775475,0.009673075,0.0143200345,0.00028257489374533003,0.04934268635321448,0.008255275895879793,0.005318360688212065,0.0005,0.0005,0.0905,1000
0.7917221662290279,1960,0.4120350642332505,0.9894978431336512,0.7917221662290279,0.09329515535657541,-0.50643593,0.9263054,0.24351187,0.3933223,-0.5698078269537438,1.0,0.17510306706905496,0.32712712433792124,8.3165475e-11,0.13784254,0.009028368,0.013275974,0.00016466299746064475,0.03839644273813961,0.007905875366659206,0.0050191734651921956,0.0005,0.0005,0.09,1050
0.7969013411222732,1903,0.4583621249780938,0.9828964108593343,0.7969013411222732,0.08964691892130877,-0.48435354,0.9616698,0.2219443,0.39856344,-0.5583980105999605,1.0,0.16114737220106032,0.32882487111992925,4.1438852e-11,0.10069848,0.008385479,0.011920511,0.00024791220702811214,0.03460845982439534,0.007955182698544092,0.005085632284707497,0.0005,0.0005,0.0895,1100
0.8007235574968146,1746,0.47098441473044284,0.9853646799560519,0.8007235574968146,0.09453973128613294,-0.4866203,0.9750651,0.21320494,0.3906208,-0.5669692867712708,1.0,0.15564395658224195,0.3205571143159071,9.381385e-09,0.114986084,0.009344948,0.01376595,0.00015533714579651664,0.04069553087027178,0.00771349254195873,0.00488636505219795,0.0005,0.0005,0.089,1150
0.799646977166584,2003,0.412648112545344,0.9851830646496479,0.799646977166584,0.09003232959509362,-0.52916086,0.9371853,0.22964403,0.38473216,-0.5764235074800315,1.0,0.1670966779014386,0.31886538598094943,1.929724e-09,0.13744013,0.008425564,0.012829939,0.00039418834699567787,0.034296812173763305,0.007643093687464924,0.004808486825497336,0.0005,0.0005,0.0885,1200
0.7989028978736641,1953,0.417371525392564,0.9847534521730877,0.7989028978736641,0.08801535563266458,-0.54033995,1.001929,0.30166617,0.40804502,-0.5965119134775965,1.0,0.21026664499785594,0.3464083768016415,1.0475141e-09,0.14661072,0.008113589,0.012151555,0.00020639792968415457,0.030816553651559664,0.007559213606490358,0.004639124385667815,0.0005,0.0005,0.088,1250
0.7989421067486717,1807,0.41707260224285675,0.9940073456770389,0.7989421067486717,0.089342403889412,-0.5033141,0.9895649,0.3162854,0.42180395,-0.5966921006759722,1.0,0.21854589500198343,0.35819014780317443,1.5288606e-09,0.14776893,0.00827716,0.012387227,0.00022051364176766455,0.031069860380230775,0.007509094889510501,0.00454356272326478,0.0005,0.0005,0.0875,1300
0.8019107315428196,1830,0.46836324368513177,0.9841928613243981,0.8019107315428196,0.08842166433340676,-0.51089376,0.9799582,0.32438892,0.421186,-0.5743188385985405,1.0,0.2234937673222323,0.3591725587182225,1.26906485e-08,0.11110794,0.0081415335,0.011153132,0.00010008441222986056,0.032277759584969826,0.007332748024435358,0.004594516365047572,0.0005,0.0005,0.087,1350
0.7994896350878073,1649,0.35236163397416564,0.9878450246375111,0.7994896350878073,0.09089791292920354,-0.50538,0.9726251,0.3001219,0.38816133,-0.5596244799197516,1.0,0.2088134278754797,0.3305861722616254,2.7512215e-11,0.18069842,0.008473876,0.0135236215,0.00029624281427812166,0.041230000484933124,0.007278634919555036,0.004754998038638178,0.0005,0.0005,0.0865,1400
0.8034910328043668,1804,0.41855405094659615,0.9780477779698733,0.8034910328043668,0.08953674754692365,-0.45938858,0.99227744,0.3200854,0.41097116,-0.5243422112181265,1.0,0.22203021985164895,0.35047531850643676,5.784443e-09,0.15231046,0.008209491,0.012353206,0.0002452745686377494,0.03513923811070925,0.007174385016690106,0.004551186237266052,0.0005,0.0005,0.086,1450
0.8080235821282435,1953,0.44588240646623406,0.9868592447714183,0.8080235821282435,0.08352181638011341,-0.50072473,0.99973917,0.34146294,0.42113197,-0.5523787169687262,1.0,0.23392786586573122,0.36173494109963955,3.445532e-07,0.11930928,0.007292413,0.010806411,7.679404600609394e-05,0.040601181525758714,0.006722058142124797,0.004436013044683049,0.0005,0.0005,0.08549999999999999,1500
0.8054239026968438,1816,0.4292513705530994,0.9826912548119701,0.8054239026968438,0.08722401776644272,-0.5008717,0.96313524,0.31408072,0.424281,-0.5650573135587363,1.0,0.21539696065009797,0.35905851877992007,8.9529806e-10,0.15286988,0.007818967,0.011417186,0.00036210116579095083,0.027067042939755148,0.007069782873175283,0.004297660177445875,0.0005,0.0005,0.08499999999999999,1550
0.8062152275535654,1779,0.46620025138199017,0.9810926527805309,0.8062152275535654,0.08649734772638189,-0.5052854,0.9759653,0.3328722,0.42450276,-0.5692730038438907,1.0,0.22974213792900494,0.3631455459701372,4.863665e-12,0.12489819,0.007754179,0.011065439,0.0002128185069095658,0.030410855555971172,0.006931510866382471,0.004377249710079161,0.0005,0.0005,0.08449999999999999,1600
0.8093405326193843,1761,0.4067031016403316,0.9920938230622244,0.8093405326193843,0.08742421167690355,-0.48189613,1.0021559,0.3612617,0.43552095,-0.5452238141607438,1.0,0.24611098050445065,0.37548586287012425,6.190248e-11,0.17398758,0.007882104,0.011689222,5.973944882500693e-05,0.03146389259274263,0.006619555986311937,0.004303238132735347,0.0005,0.0005,0.08399999999999999,1650
0.8107915263972348,1611,0.4528922856038948,0.9951279033164593,0.8107915263972348,0.08507795925336872,-0.4806729,0.9816481,0.35208327,0.42137292,-0.5879191391169779,1.0,0.23744347049775222,0.36065575953961254,1.3612613e-09,0.12561576,0.007472123,0.011445507,0.00028295924121853993,0.028599439948122852,0.006641474853213617,0.004256010544135577,0.0005,0.0005,0.08349999999999999,1700
0.8097655335203923,1693,0.4975956245632382,0.9808313847824089,0.8097655335203923,0.08409147193478243,-0.45575145,0.97610927,0.31501067,0.4092242,-0.5486099350997036,1.0,0.21880995055289915,0.3489371896429064,1.691447e-11,0.086503446,0.007272951,0.00982434,0.0002070747104884421,0.029007933442261307,0.006737717195462867,0.004152992195182772,0.0005,0.0005,0.08299999999999999,1750
0.8116976842939921,1932,0.4995666153284695,0.9847148987914068,0.8116976842939921,0.08470648074656867,-0.5038115,0.97938085,0.32297835,0.41274163,-0.5641862962351644,1.0,0.2239960848456018,0.3520944097113115,1.130104e-09,0.10255306,0.007288689,0.010424881,0.00011345887527818344,0.03194117824575528,0.006722792640546106,0.004214466866921647,0.0005,0.0005,0.08249999999999999,1800
0.8118643812957668,1538,0.44595029939839625,0.989503063491065,0.8118643812957668,0.08480874024861487,-0.48907727,0.99590564,0.3271033,0.4128323,-0.5672262944294552,1.0,0.2231215685134702,0.35202954005848275,2.6582292e-09,0.14396742,0.007395989,0.010292941,8.091262841207487e-05,0.03229817890930911,0.006627245164044956,0.00431945832098969,0.0005,0.0005,0.08199999999999999,1850
0.8109130489515021,1561,0.4722256633950642,0.9867358550864287,0.8109130489515021,0.08317772149163033,-0.48186797,0.9531203,0.3295716,0.4287224,-0.5652027629432839,1.0,0.22610544409320515,0.3637034212134413,2.3888447e-11,0.11431565,0.007063778,0.0110401185,0.0002268587461012477,0.03774458898009866,0.00659149279761238,0.004191773401851633,0.0005,0.0005,0.08149999999999999,1900
0.8161425067295616,1723,0.47898484337754144,0.9825509674455657,0.8161425067295616,0.08244607914380986,-0.47513574,0.9364393,0.30372587,0.40453386,-0.5373449395622463,1.0,0.2112611712241669,0.3426231209226144,3.072742e-09,0.119109675,0.00707715,0.0098471,9.979239145838097e-05,0.024784973441192924,0.006341422184600943,0.003847618250937164,0.0005,0.0005,0.08099999999999999,1950
0.8157875314882018,1678,0.47846547724851296,0.9949020360116343,0.8157875314882018,0.08182626480013495,-0.53254294,0.93760705,0.30315772,0.4084108,-0.5632317782939538,1.0,0.21022099188115925,0.345318135065116,5.3483973e-10,0.095594294,0.0068521583,0.00988418,0.0003420279928864116,0.028755908879052418,0.0063845530987667555,0.003924932857934476,0.0005,0.0005,0.08049999999999999,2000
0.8175369162535794,1784,0.4969868856069432,0.9840313916937217,0.8175369162535794,0.08166169621763057,-0.50794804,1.0013899,0.3072662,0.39176336,-0.5501243204746064,1.0,0.21260544556381067,0.33418582121355533,3.939281e-09,0.119405545,0.006961029,0.010214605,0.00010156885411111236,0.02588127878874829,0.006170135504303927,0.003919101704245736,0.0005,0.0005,0.07999999999999999,2050
0.8140144360299452,1883,0.4769424575888484,0.9850759510648669,0.8140144360299452,0.08445176742692358,-0.46024257,0.9724901,0.31091696,0.39476293,-0.5181129614651047,1.0,0.21648367618664238,0.33636966651295624,1.35507925e-08,0.122054674,0.00728147,0.0108355265,0.0003130386578753119,0.03132963646483606,0.006237375459391337,0.003959180659268487,0.0005,0.0005,0.07949999999999999,2100
0.8201715849833532,1606,0.5216997830471849,0.9917832935109872,0.8201715849833532,0.08112170307315619,-0.5077827,0.9391783,0.2867635,0.39990354,-0.5637359145499868,1.0,0.19913459062186517,0.33438143527026726,7.7912745e-08,0.09545228,0.0068431636,0.009788366,0.00019988720549632633,0.02490016808883293,0.006183195655211917,0.003864776555538823,0.0005,0.0005,0.07899999999999999,2150
0.8165903448442584,1577,0.4897004355548508,0.988943406104597,0.8165903448442584,0.08318441195638349,-0.50224185,0.8708616,0.23656812,0.38156793,-0.5568636128335995,0.9774756453443993,0.16925625656331017,0.31444368798246525,1.0743836e-08,0.09916211,0.007089892,0.0106037725,0.00013063245120697385,0.02996281422833836,0.006060610308201752,0.003920798554382623,0.0005,0.0005,0.07849999999999999,2200
0.8190009507158661,1522,0.4859592885936957,0.9896526023451987,0.8190009507158661,0.08080414605118066,-0.48358944,0.87592345,0.22189215,0.40143448,-0.5669605400448715,0.9861328140399791,0.16102327644258776,0.3307191010865696,4.1438852e-09,0.12236404,0.006738784,0.0100031365,0.00010182453822367747,0.028293732189222716,0.005988639076644423,0.0038408197132367597,0.0005,0.0005,0.07799999999999999,2250
0.8203992625129448,1184,0.5008313625972396,0.9839823830589898,0.8203992625129448,0.08290432355802176,-0.483751,0.8440908,0.24114813,0.38849097,-0.5607568340863905,0.954922157955599,0.1689701899117958,0.3181032707106289,1.5429634e-08,0.11608167,0.007110109,0.009679984,0.0003028379014840815,0.024561373830910803,0.005696018964246964,0.003480032984037428,0.0005,0.0005,0.07749999999999999,2300
0.8198591209443253,1538,0.45257228048962955,0.9928504506439626,0.8198591209443253,0.08168234900172479,-0.5005796,0.9346418,0.28756368,0.41814145,-0.5500279094549644,1.0,0.20015215261995212,0.3493200546404003,8.881784e-12,0.1336532,0.006910049,0.0104365805,0.00022905364425099712,0.02725727829530334,0.006000943767798056,0.0037223785604834315,0.0005,0.0005,0.07699999999999999,2350
0.8179607566507288,1544,0.49151812894522734,0.9883144448874155,0.8179607566507288,0.08326501970870039,-0.49006632,0.9749168,0.32047245,0.42735395,-0.5629771202163407,1.0,0.22063559926583945,0.36110220836817114,1.7430413e-08,0.10862836,0.0070946766,0.010240259,0.0003036766689039095,0.02716407306454306,0.0060528599829689925,0.00387600493864654,0.0005,0.0005,0.07649999999999998,2400
0.8197142392078984,1646,0.5039380730961353,0.985021860347226,0.8197142392078984,0.08173188550348547,-0.5180112,0.80481136,0.27590516,0.41434717,-0.5837701642192352,0.978617621154049,0.19481880468540075,0.3453957445150958,8.381903e-09,0.08864207,0.006794753,0.009476062,0.0001507179658830589,0.027769135360828385,0.00588839806011975,0.0036318089977291895,0.0005,0.0005,0.07599999999999998,2450
0.8262495328079809,1779,0.5188157213225786,0.9868115836045679,0.8262495328079809,0.0786864694162529,-0.48447844,0.8299235,0.28438205,0.41939178,-0.5295445916380784,0.9774732170151641,0.2000175856448199,0.34993485302048033,3.916867e-09,0.096101925,0.0064004604,0.009291075,0.00029263060859959736,0.02884990774415721,0.005787275518677076,0.0036469174026488274,0.0005,0.0005,0.07549999999999998,2500
0.8251396380599176,1547,0.5086450915789907,0.9818438530810248,0.8251396380599176,0.07951231761261794,-0.5019543,0.8588239,0.28895465,0.40840518,-0.5519613245050192,0.9365573123225522,0.2005325460454976,0.3414851000199452,1.3233503e-10,0.10715515,0.0064914594,0.010054112,0.0001950524808451851,0.030549534636332826,0.005605283300062782,0.003697000204079926,0.0005,0.0005,0.07499999999999998,2550
0.8224193006363537,1481,0.5136582038067553,0.9884679857589583,0.8224193006363537,0.07949187145710197,-0.49760956,1.0322814,0.31945434,0.44190332,-0.5661749974786969,1.0,0.2198916179396338,0.3728845792965328,1.16890305e-07,0.100000925,0.0065095928,0.009542855,0.00028711778426270435,0.022950915072005532,0.005661697289738028,0.0036232512622545146,0.0005,0.0005,0.07449999999999998,2600
0.8235559650202275,1525,0.44004976131971535,0.9873104492376966,0.8235559650202275,0.07731645361351389,-0.49083954,0.98786896,0.3230376,0.4390868,-0.5415937744479612,1.0,0.2213052910849319,0.3685767796055844,1.1510792e-12,0.15517348,0.0062118643,0.009473046,2.4255870574336196e-05,0.025952470199775805,0.005489836004593147,0.0034174319239814255,0.0005,0.0005,0.07399999999999998,2650
0.8262039009257067,1671,0.5066403697673348,0.9895817677957233,0.8262039009257067,0.07919951820593586,-0.48536307,0.923131,0.34653866,0.42007908,-0.574484974737915,1.0,0.23725695273322164,0.360534329636755,1.6224423e-08,0.09355842,0.006440591,0.0099362,0.00023550381006024642,0.026135364197086175,0.005430710109061447,0.003485374756852386,0.0005,0.0005,0.07349999999999998,2700
0.8316121585878302,1498,0.5178446725801882,0.9930005007648307,0.8316121585878302,0.07470175507667227,-0.513674,1.0515624,0.35850582,0.45775294,-0.5582444456945199,1.0,0.24341726685691342,0.39012177903439094,7.7812956e-10,0.09341405,0.005764413,0.009187822,0.00012492998054782704,0.026580384163697963,0.005146024094974861,0.003207954801880944,0.0005,0.0005,0.07299999999999998,2750
0.8298843788255996,1645,0.5887854678639448,0.9870976970933852,0.8298843788255996,0.0748247774694221,-0.48754695,1.00395,0.34376597,0.437527,-0.5457362522096945,1.0,0.23540683004866547,0.3714393243394925,5.2187374e-09,0.062138695,0.005801993,0.0077411737,0.0002457123337345062,0.023138705255663153,0.00529847703992001,0.003388965067815549,0.0005,0.0005,0.07249999999999998,2800
0.8350041341527421,1479,0.5546739820512671,0.9932656306831394,0.8350041341527421,0.07735262955330756,-0.47067893,1.0095177,0.34193912,0.4501799,-0.5528429725478329,1.0,0.23501532861524987,0.3816502529953512,7.823985e-09,0.080299444,0.0061196894,0.009000792,9.746778665868621e-05,0.021948229354436122,0.0051487401788342085,0.00316674127334616,0.0005,0.0005,0.07199999999999998,2850
0.8343450011456884,1761,0.5203766671894751,0.9891273702001165,0.8343450011456884,0.07486227869516636,-0.49870992,1.0195231,0.33947933,0.4556635,-0.5571974978785733,1.0,0.2310142424801586,0.3837080923680664,1.3260944e-08,0.10084107,0.0057267603,0.008621169,0.0001849901433059506,0.02027414950547502,0.005023638055219568,0.0031159772059629236,0.0005,0.0005,0.07149999999999998,2900
0.8309927391026264,1297,0.5152628357337463,0.9931753747981935,0.8309927391026264,0.07561366496134918,-0.47038293,0.9214582,0.3433185,0.42346466,-0.5344942690786327,1.0,0.2361021024233417,0.36355374616411035,2.8856917e-10,0.09278007,0.0058217742,0.008812583,0.00022457936282831956,0.022400573749751868,0.0049831449453022845,0.0030689182001235717,0.0005,0.0005,0.07099999999999998,2950
0.8376113457441766,1502,0.591904302516281,0.9876650387607712,0.8376113457441766,0.070599900745229,-0.47262594,1.0113968,0.36542496,0.4676761,-0.5539156933588223,1.0,0.24607856291671493,0.39547079997236795,3.9094097e-09,0.0693418,0.0051385667,0.0073357252,0.00022996395546223325,0.02136868814815201,0.004713308678765618,0.0028612632034869614,0.0005,0.0005,0.07049999999999998,3000
0.8382769087465592,1369,0.5428140860655208,0.9857282285911588,0.8382769087465592,0.0727166987971326,-0.50083107,0.9025328,0.32482296,0.42483598,-0.5749063143489774,1.0,0.2225136210739509,0.3593180142096629,4.121445e-08,0.0732376,0.0054231123,0.0074726883,6.835755635040978e-05,0.02534199457956829,0.004747215259564993,0.003017369639264657,0.0005,0.0005,0.06999999999999998,3050
0.8382252541640612,1344,0.5478062767430971,0.9969613284847735,0.8382252541640612,0.07648633082865376,-0.4745291,0.9172141,0.31821162,0.41600886,-0.5271281621153638,1.0,0.22146829273595292,0.35302964544967896,1.7826096e-10,0.083448894,0.005992369,0.008681103,8.948602894763647e-05,0.022624682026079403,0.004701145231695062,0.0030208319163061445,0.0005,0.0005,0.06949999999999998,3100
0.8395312779655051,1514,0.569650838007444,0.9811323715300727,0.8395312779655051,0.0728853260579854,-0.51117754,1.0225506,0.37019858,0.44839606,-0.563287868782517,1.0,0.24935885865639118,0.38450570602274114,4.2286175e-10,0.07270497,0.0054879016,0.007682952,0.0001688398818734646,0.021362885211702324,0.00462682753720206,0.0028867562740712577,0.0005,0.0005,0.06899999999999998,3150
0.8436695227112205,1275,0.5860721310891459,0.9854523089324235,0.8436695227112205,0.07187816427767031,-0.49428347,0.99667424,0.36903945,0.43065646,-0.5230627248951455,1.0,0.2525657708551984,0.3726356187073732,3.7303852e-07,0.072683536,0.0053537805,0.0075243907,9.945597972278839e-05,0.01748760871905893,0.004502433481911702,0.002775778091443565,0.0005,0.0005,0.06849999999999998,3200
0.8431982385457332,1578,0.5402381172949547,0.9902503922395532,0.8431982385457332,0.07155148991699874,-0.52737445,1.018254,0.37883276,0.46027264,-0.5600489146791694,1.0,0.25629065540213175,0.3954341990476781,4.604317e-10,0.09350027,0.0052793887,0.007974877,0.00023612184504046585,0.016455346748039633,0.004452868743809417,0.0027315658677695346,0.0005,0.0005,0.06799999999999998,3250
0.8467273910323213,1299,0.5822780848769044,0.98938345793953,0.8467273910323213,0.06864757791253252,-0.4988462,0.98766464,0.3668153,0.45088866,-0.53834528098869,1.0,0.2461687801052068,0.38366991336712114,1.2116743e-09,0.072397105,0.004846773,0.0071268235,0.00011975653454935329,0.01700498561205971,0.0043523785867716725,0.0027110726620329655,0.0005,0.0005,0.06749999999999998,3300
0.8421211045514316,1545,0.5579340305748394,0.9847563233666446,0.8421211045514316,0.07051184711036466,-0.5121345,0.9486974,0.3283008,0.4135561,-0.5742045948288282,1.0,0.2246861860926302,0.3510729679671342,4.0587622e-10,0.076800615,0.0051223096,0.007340296,9.266455207281892e-05,0.01780581523230357,0.004494859904465841,0.00287025031705782,0.0005,0.0005,0.06699999999999998,3350
0.8475129106102786,1244,0.5647967849208442,0.9903530144384743,0.8475129106102786,0.07098897272134577,-0.48071703,0.99176604,0.3490177,0.44748345,-0.5314652378906691,1.0,0.23754281458111592,0.3806020001662414,1.5616628e-09,0.07828417,0.0052032913,0.0075183497,0.00016841011815907128,0.018798204380927958,0.004296349909816084,0.00266245603107952,0.0005,0.0005,0.06649999999999998,3400
0.8437867141022126,1453,0.5263349646605145,0.9893494772880582,0.8437867141022126,0.07004987799102624,-0.51096404,1.0398706,0.34372285,0.45546114,-0.5667309744588649,1.0,0.23396657497869205,0.38406208815158605,1.3787727e-10,0.10018448,0.0050764447,0.007737382,0.00033454040571455026,0.01961885701565976,0.004325272673908987,0.002750215063405383,0.0005,0.0005,0.06599999999999998,3450
0.849574124855453,1375,0.5727434433483172,0.9846763967417169,0.849574124855453,0.06975187285997116,-0.47727358,0.89465696,0.31205338,0.41127428,-0.5325018114931714,1.0,0.21385939743474658,0.34730725068739465,7.06315e-09,0.07288448,0.004963971,0.007945635,0.00020780965999053438,0.017465059665092344,0.004240390838315121,0.002710714959286598,0.0005,0.0005,0.06549999999999997,3500
0.849942144853282,1322,0.5441650492264816,0.9869750179355519,0.849942144853282,0.07005540004393376,-0.50147295,0.8902101,0.32586148,0.4138789,-0.5483147027487619,1.0,0.22223952109456718,0.35019227866147873,2.4573765e-08,0.089090794,0.004984485,0.007648922,9.719088018070547e-06,0.02407394906264713,0.004292518237727711,0.002795659675066928,0.0005,0.0005,0.06499999999999997,3550
0.8483788327702217,1547,0.4864282354565958,0.9893085735593927,0.8483788327702217,0.06789388227035273,-0.49246058,0.9147474,0.30742255,0.421276,-0.5298792471436553,1.0,0.2139597148971192,0.35610596436604613,3.1391778e-11,0.1336969,0.0047256015,0.007684544,0.00010343832090999065,0.01584300338193035,0.004180180097041982,0.002681015062037175,0.0005,0.0005,0.06449999999999997,3600
0.8452580826016279,1325,0.5520396911974118,0.9840172877969761,0.8452580826016279,0.07000568052890811,-0.50181293,0.89913607,0.2886747,0.40488395,-0.5644250512880962,0.9855534983605913,0.20216887790709975,0.3400232332947281,1.7117063e-08,0.08395239,0.005112375,0.007846007,0.00012474244274258154,0.017995065191221512,0.004106554438614463,0.00259182415582157,0.0005,0.0005,0.06399999999999997,3650
0.851359330306784,1076,0.6077395426842181,0.9852788173700708,0.851359330306784,0.06619203176930673,-0.4708032,0.93568575,0.2941333,0.40687826,-0.5131835632142024,1.0,0.20053988357117486,0.3378020314961644,1.2535253e-09,0.06213777,0.0045532025,0.006375159,0.00027947813357234627,0.019508598204921002,0.004018687383387692,0.0024271872718171134,0.0005,0.0005,0.06349999999999997,3700
0.8502725871183563,1477,0.5504813045505812,0.9942498505118338,0.8502725871183563,0.06747469446524731,-0.52315307,0.942782,0.28103274,0.3971371,-0.5354637934290847,1.0,0.19650228117743765,0.3313353473863912,2.185061e-10,0.07978303,0.0047076084,0.0073019424,0.00012976425528780252,0.01686475220259439,0.003925230626712913,0.002528896227038415,0.0005,0.0005,0.06299999999999997,3750
0.8533156197736239,1287,0.621881887965247,0.9825600943505178,0.8533156197736239,0.06648099927780866,-0.47108072,0.86122143,0.25708455,0.37565684,-0.4890334020698364,1.0,0.18114070110442218,0.3116986104721892,9.717702e-10,0.055518113,0.0045956676,0.006606497,0.00011655533186255988,0.015990660651428516,0.003918343409817302,0.0024008044828960394,0.0005,0.0005,0.06249999999999997,3800
0.8505377626032176,1445,0.5919232217006992,0.9965290925382574,0.8505377626032176,0.06630412237922673,-0.49240005,0.93113,0.2649662,0.401078,-0.5432138190603407,1.0,0.18597582812432015,0.3325488248687192,1.1256418e-08,0.06882922,0.004528261,0.0069267703,0.00013567695980334278,0.016550851317447067,0.003881315977141581,0.0023627065709313447,0.0005,0.0005,0.06199999999999997,3850
0.8494878082241161,1430,0.5282583067326463,0.9877750435274428,0.8494878082241161,0.06444120218528197,-0.49776933,0.94015193,0.28084683,0.4245893,-0.5372433284484696,1.0,0.1959588158704426,0.35105125910837154,5.1301186e-12,0.0987625,0.0042420872,0.0068663736,0.00013613744604701948,0.01771045078076646,0.003823186152621523,0.0024194219983448726,0.0005,0.0005,0.06149999999999997,3900
0.8533033821371226,1293,0.5835039854158351,0.990861244746931,0.8533033821371226,0.06445337578234978,-0.50951326,0.9259034,0.2915011,0.41361028,-0.5438304135606514,1.0,0.20163450190715562,0.344705751470605,2.5127669e-09,0.07467901,0.0042696605,0.0063339015,8.335703278320953e-05,0.013917742393816102,0.0036949164888331718,0.0021438223628476773,0.0005,0.0005,0.06099999999999997,3950
0.8549812468806104,1157,0.5760758859034973,0.9878975875069841,0.8549812468806104,0.06662089945971167,-0.5049689,0.88438034,0.28760982,0.40151763,-0.5552653873821752,0.9652880393385108,0.20055488009584205,0.33623034668374113,3.5243488e-09,0.08440939,0.0045848554,0.006717334,0.0001868145083203468,0.017215225554863788,0.0037306654991693324,0.0023962642121231337,0.0005,0.0005,0.06049999999999997,4000
0.8554010317164169,1195,0.6149124474405143,0.9946787264000068,0.8554010317164169,0.06561651808289198,-0.49837396,0.82633454,0.28751314,0.41646606,-0.5535099957871585,0.9097355658034888,0.19537713079964064,0.3445893957065918,1.64761e-09,0.06305061,0.0044120885,0.0065620807,6.195950965216701e-05,0.012828281898904833,0.0035775721515816307,0.002172866361126525,0.0005,0.0005,0.05999999999999997,4050
0.8584149622387575,1166,0.5854361276320674,0.9902004546598328,0.8584149622387575,0.0673084826570545,-0.52068233,0.7935053,0.27538702,0.41927052,-0.5519132978207064,0.927910992487248,0.1911141488897523,0.34697521661655384,5.6559557e-10,0.08281317,0.004697526,0.0075919474,0.00011009477696276875,0.017708897706775584,0.0035645816233590604,0.0022986384875541867,0.0005,0.0005,0.05949999999999997,4100
0.8598144711632096,1002,0.6052153597071388,0.9979885096127407,0.8598144711632096,0.0644818377274158,-0.49372646,0.81624097,0.2885442,0.40616357,-0.5266140392760251,0.9258708775297823,0.19869800090697243,0.33656998574757985,1.8571065e-09,0.05785466,0.004279533,0.006131455,0.0001267574088363176,0.01592990544069736,0.0034652283726785563,0.0022151406936866324,0.0005,0.0005,0.05899999999999997,4150
0.8561439582572047,1190,0.5698243745505032,0.9820250631148535,0.8561439582572047,0.06539822650984857,-0.48104972,0.82781816,0.26913822,0.39962202,-0.526267730946981,0.9304831159378628,0.18789185144975357,0.33043469984547685,3.8291464e-08,0.08322751,0.004389556,0.006974649,4.610107680518146e-05,0.018689958299430747,0.0033990000138824543,0.002198605060153912,0.0005,0.0005,0.05849999999999997,4200
0.8582825052243378,954,0.5333749186411704,0.9876102130079097,0.8582825052243378,0.06663601018480798,-0.49717677,0.80964833,0.25893745,0.37431154,-0.5437418388801555,0.9009652565864268,0.1819976698080135,0.3107242638356786,7.615917e-08,0.109684125,0.0046053557,0.007485157,0.0002822816114456079,0.016743796772852232,0.0033471782934044085,0.0022760650929496648,0.0005,0.0005,0.05799999999999997,4250
0.8641757544641712,1264,0.5970433013871407,0.9970653100350757,0.8641757544641712,0.06166594126356524,-0.49818915,0.87340075,0.2585496,0.39763695,-0.5381478915969015,0.9654195700715691,0.18204079263151288,0.3277372247535832,2.4760993e-10,0.070875645,0.003893512,0.005671792,0.000144846370283654,0.013663607672635688,0.0033227766083143047,0.002171922305011851,0.0005,0.0005,0.05749999999999997,4300
0.8648723025083753,1225,0.6265468050513094,0.9921670777029009,0.8648723025083753,0.06128742275777148,-0.4892362,0.8989163,0.29123965,0.42444175,-0.5358171674035468,0.9925568969563449,0.20210898079616788,0.3524408441963311,6.2044734e-08,0.060621496,0.0038898815,0.006154658,9.075447511083105e-05,0.012446541065033848,0.003120796633726389,0.0019956928591897904,0.0005,0.0005,0.056999999999999974,4350
0.8622183591914717,1192,0.5120563451588708,0.9879232223865378,0.8622183591914717,0.06180266355087223,-0.4942857,0.98550564,0.34644935,0.45320076,-0.5396811975885206,1.0,0.23327659632566974,0.38116040679050534,2.8585454e-09,0.12145517,0.0039433804,0.006561484,0.00013987006497084153,0.01748085336790084,0.0031402301582849537,0.0019908973284434237,0.0005,0.0005,0.056499999999999974,4400
0.8662985574512805,950,0.6095219247663166,0.9960403228292085,0.8662985574512805,0.06062091100065139,-0.48310596,0.98333275,0.33089593,0.44618663,-0.5201219160967363,1.0,0.2234011062843766,0.37184041731991574,1.2383655e-08,0.06544584,0.0037957176,0.0058466485,9.913704596735783e-05,0.012609948131102122,0.0031756568020872584,0.0019599996309936545,0.0005,0.0005,0.05599999999999997,4450
0.8627053427343888,1196,0.6083627814386249,0.9814232215066674,0.8627053427343888,0.061800128773238316,-0.49343735,0.92901105,0.33748946,0.42037278,-0.5376351161918941,1.0,0.2286971744393668,0.3573600167195893,5.5333658e-09,0.060307585,0.0039490433,0.0061116857,0.00010422778402640579,0.017670380537148582,0.0031125838915920766,0.002013792623051737,0.0005,0.0005,0.05549999999999997,4500
0.8646030933933361,1096,0.6043235463405418,0.9917973742711185,0.8646030933933361,0.062084516044622805,-0.49654707,0.8743956,0.31359038,0.42776176,-0.5268141259082922,0.9723378001006886,0.21402221181035636,0.3560692161392024,1.3137683e-08,0.06830325,0.003938711,0.005623317,4.0210020007547807e-05,0.013618300395745627,0.0030267649269245184,0.00187734779994501,0.0005,0.0005,0.05499999999999997,4550
0.8680882368882031,1061,0.6541583922615196,0.9915398072342833,0.8680882368882031,0.05901835863091527,-0.5031303,0.8684766,0.30315253,0.4071984,-0.5362529393966103,0.965855693791856,0.20599160610211104,0.33927764478782463,5.5993965e-10,0.051753115,0.0035863444,0.0052438304,0.0001064403410570756,0.011512402698215487,0.002900682622245961,0.0017800436891476379,0.0005,0.0005,0.05449999999999998,4600
0.8706385034559191,929,0.6025574294630948,0.9898483585253366,0.8706385034559191,0.0602678960910856,-0.4949615,0.84240246,0.29456946,0.41633907,-0.5326815936342032,0.9710794038581292,0.20059227285192807,0.344447377168709,1.0943246e-09,0.06782008,0.0037682191,0.005636679,5.529699525590884e-05,0.012678160796920437,0.00289057655735611,0.0017961177538839209,0.0005,0.0005,0.053999999999999986,4650
0.8677779288881803,1106,0.5963873652954664,0.9961920031547913,0.8677779288881803,0.06058851958347581,-0.5060582,0.81692076,0.3030382,0.41522515,-0.5391370816137852,0.9648020986742512,0.2072099926524005,0.34588651902888506,3.1861056e-09,0.07229037,0.0037798984,0.0066201966,6.707529568757873e-05,0.013225967486361808,0.002859190409740138,0.0018108531480445023,0.0005,0.0005,0.053499999999999985,4700
0.8702902489125146,1058,0.6725761199105104,0.9819454848927269,0.8702902489125146,0.05934336477577481,-0.49731803,0.89306146,0.32762244,0.43439674,-0.5162061310185708,0.9361991657519577,0.22024563257906057,0.3628911748441151,1.7408297e-11,0.039211463,0.0036554798,0.0048455894,9.538705219017928e-05,0.010920916707235894,0.002852258897639342,0.0017210739041234474,0.0005,0.0005,0.052999999999999985,4750
0.8709901488154379,958,0.6674553376350273,0.9831121111804173,0.8709901488154379,0.058480704481414014,-0.483387,0.90241903,0.30658972,0.4471968,-0.5421913532987509,1.0,0.20896973933606353,0.3697488220315664,6.1434413e-09,0.042396657,0.0035834613,0.00516758,0.00011266449196150335,0.012236746699752063,0.0028183640129013296,0.0017348002703860494,0.0005,0.0005,0.052499999999999984,4800
0.8695146019754697,1273,0.6324578535988136,0.9811366575990214,0.8695146019754697,0.05843580731368308,-0.4965865,0.7897179,0.27511567,0.42718136,-0.5470217774479839,0.9026292451813642,0.19014110677694362,0.3502724399781248,1.0130776e-09,0.057878975,0.0034963258,0.005337589,9.507565141671635e-05,0.011850459461096354,0.0027570603175004794,0.0016977859161664284,0.0005,0.0005,0.051999999999999984,4850
0.86965322186766,1006,0.6692770809499623,0.9888678114175957,0.86965322186766,0.05661927426177118,-0.49699414,0.777611,0.27073216,0.38593102,-0.5301585852667711,0.8413308975276261,0.1908855530108814,0.3209441993250088,1.4168254e-08,0.043196063,0.003341572,0.0048351614,0.00010744408598188774,0.012120271074428667,0.0026768656846767208,0.0016660891145282022,0.0005,0.0005,0.05149999999999998,4900
0.8765388841212466,923,0.6844119061968451,0.9888297646717189,0.8765388841212466,0.05663108610146313,-0.49884513,0.7630384,0.24539524,0.41484827,-0.5308670965262274,0.8342357064707109,0.17220149189095263,0.3368338192032688,4.3520743e-12,0.033492632,0.0033100073,0.0045228954,9.952270257952036e-05,0.009327710473388401,0.002622936964493655,0.001563207609718063,0.0005,0.0005,0.05099999999999998,4950
0.873516110172374,769,0.5594365941682397,0.9902717045032144,0.873516110172374,0.06121494730371003,-0.49572358,0.76293164,0.24723265,0.39841625,-0.5226529034480388,0.8769064895617039,0.17027744494454816,0.3246315192453584,2.5650483e-08,0.09900856,0.003845587,0.006418687,9.139538015357117e-05,0.011654357308100083,0.0025780798080508424,0.0016907375481787315,0.0005,0.0005,0.05049999999999998,5000
0.8769057291332599,956,0.6687012047486655,0.9900490948709556,0.8769057291332599,0.056376099322190426,-0.5160937,0.82846653,0.23996462,0.41279086,-0.5377667803924681,0.9014255229573305,0.16594934986722207,0.333400905398372,9.106319e-09,0.04708308,0.0033086692,0.004970499,4.5881661252273264e-05,0.01145765873349741,0.002507975083124532,0.0016525345017740936,0.0005,0.0005,0.04999999999999998,5050
0.8821612097729046,795,0.6797204740857513,0.9922682760671845,0.8821612097729046,0.05436047173285949,-0.5037695,0.8060404,0.24532795,0.41254067,-0.5274829456695298,0.8952636288751401,0.17229616278572923,0.3343687781304712,3.2595583e-08,0.04255013,0.0031123485,0.004275738,0.00011553181327688173,0.00899873390101971,0.0024090052988141653,0.0014647498499901228,0.0005,0.0005,0.04949999999999998,5100
0.883790893517966,621,0.6937794505331233,0.9898371687997868,0.883790893517966,0.05477293342846434,-0.4750731,0.7842065,0.261127,0.40534934,-0.5251308593443939,0.902887494691024,0.17780719611261822,0.3283197639023394,3.626619e-08,0.03516206,0.003087339,0.0041386266,0.00013809691437353965,0.011603910373205706,0.002417076668739415,0.0014962164932494327,0.0005,0.0005,0.04899999999999998,5150
0.8844824035602741,795,0.6772296172827805,0.990014080444654,0.8844824035602741,0.0546727267899881,-0.5026037,0.7988354,0.26858902,0.40402147,-0.5336721507090955,0.9228355257945028,0.1815214710370763,0.327501340623256,2.4573765e-10,0.04645808,0.0030829997,0.004703465,0.0001483822620490124,0.013494187019764781,0.0023532016586657947,0.0014889784511230913,0.0005,0.0005,0.04849999999999998,5200
0.8833336157177887,683,0.7236539498233256,0.9890856756093095,0.8833336157177887,0.05568566609903192,-0.48839867,0.76801085,0.24341947,0.39457652,-0.5171120472063673,0.8465245558324139,0.1682232858524695,0.31975929976434486,1.6822014e-08,0.026279585,0.003168176,0.0043691956,4.222439536896957e-05,0.009026111399585271,0.002354476003199114,0.0015332870520511238,0.0005,0.0005,0.04799999999999998,5250
0.8833520034282272,656,0.6495857780885904,0.9904440551147595,0.8833520034282272,0.05579730571200165,-0.4879166,0.79054296,0.24286878,0.3950178,-0.5435970739802615,0.8644874150554409,0.16733670237615061,0.3177594216238509,1.6427748e-11,0.057789817,0.003215339,0.004843059,0.00017120459701420494,0.007770235592659466,0.0022758897602779106,0.0014211107272183883,0.0005,0.0005,0.04749999999999998,5300
0.8830503445315598,706,0.6979241245464198,0.9947782771053058,0.8830503445315598,0.053659545341281895,-0.50038624,0.8297942,0.23621508,0.38821095,-0.5299766716326917,0.886370644181603,0.16557269481420717,0.3147605768234116,1.3928059e-10,0.03792833,0.0029142713,0.0039723525,5.069585758614505e-05,0.008215646993724145,0.0022160489844937096,0.0012848351671642321,0.0005,0.0005,0.04699999999999998,5350
0.8808512190584863,706,0.693190062883876,0.9968365340038872,0.8808512190584863,0.05424232676054852,-0.49091855,0.78876305,0.2588164,0.3876477,-0.5043439057848025,0.8497624894770386,0.17740765667168468,0.31503331974039217,7.993606e-11,0.043132387,0.0030520044,0.0044079255,6.640082650670559e-05,0.010446384507269252,0.0021838607622247028,0.0014103820923683115,0.0005,0.0005,0.04649999999999998,5400
0.8914011888696299,444,0.7260637652534426,0.9865080340930626,0.8914011888696299,0.05169416444367652,-0.48958242,0.7706126,0.2599109,0.38725913,-0.5180480657281284,0.8168861951387429,0.16750408043685663,0.30659842062565,4.006907e-09,0.023187991,0.0027874708,0.0037660063,7.610773876133342e-05,0.010649986070112546,0.002074970634128331,0.0013418251435739776,0.0005,0.0005,0.04599999999999998,5450
0.8865011106900619,735,0.6912129092059927,0.9864529267878462,0.8865011106900619,0.0520730372984236,-0.465201,0.77272433,0.2554687,0.39718208,-0.5030415339506552,0.8472130205650847,0.17582794622176867,0.3232124925410204,1.18403165e-07,0.041877396,0.0027835087,0.004085145,0.00012187713660609642,0.009014733555922938,0.0021299736727010987,0.0013844906500458636,0.0005,0.0005,0.04549999999999998,5500
0.8897042541380874,605,0.715796089920298,0.9877786106664491,0.8897042541380874,0.049696770530972205,-0.5033128,0.7653607,0.25271577,0.40691942,-0.5439476020108834,0.8415817411540762,0.1693259076979613,0.3266748071917223,7.254787e-09,0.031987555,0.0025630323,0.0036269957,0.00019868026450569335,0.006671630285042579,0.0020012833349204954,0.0012268601700750766,0.0005,0.0005,0.04499999999999998,5550
0.8946476252453774,536,0.7299601351085663,0.9771654509814761,0.8946476252453774,0.04983660623143766,-0.44173992,0.7793982,0.25397515,0.39523783,-0.47880911625312034,0.8346332745371423,0.17519725547030074,0.32124740291609294,4.440622e-09,0.026182277,0.0025474897,0.003689741,4.4811984599655904e-05,0.007474101165334863,0.0019619164135272174,0.0012391112280929323,0.0005,0.0005,0.04449999999999998,5600
0.8930080344831743,648,0.7041298770228722,0.9874633061400613,0.8930080344831743,0.04986021655264817,-0.5071204,0.7901296,0.251098,0.41052273,-0.5360579073818404,0.8531047076845794,0.17088664965414116,0.3306833060259289,1.6883916e-08,0.040793654,0.0025807188,0.0037099426,7.202765725997701e-05,0.006111169359852136,0.0018908049457540964,0.0011327175140125466,0.0005,0.0005,0.04399999999999998,5650
0.8950920691369546,595,0.7284851500997918,0.9934562325510027,0.8950920691369546,0.0487610835105177,-0.46791258,0.76559347,0.24362533,0.40891147,-0.5024956191285292,0.849761399634715,0.16508219069668034,0.32745770666811913,4.690296e-09,0.027566155,0.0023992069,0.0036529414,9.97265634373567e-05,0.0069384937017796505,0.0018839182227544217,0.001137581897213957,0.0005,0.0005,0.043499999999999976,5700
0.893480638791561,630,0.6978583532717956,0.9896518200232458,0.893480638791561,0.05131850227638651,-0.47403613,0.7437596,0.2348759,0.39719576,-0.519892926663171,0.8065333498606034,0.16160427282185044,0.3193818423653896,1.4026714e-08,0.037950043,0.0027480868,0.0041337847,9.793245251002714e-05,0.00718099331981179,0.0018456515374062974,0.001215014022068629,0.0005,0.0005,0.042999999999999976,5750
0.8964659014014215,602,0.7081399609995864,0.9853017743618078,0.8964659014014215,0.04657390987743156,-0.45991528,0.74407214,0.22313727,0.38652113,-0.5003516012954677,0.883966562691367,0.15690908186165545,0.31099704222018165,3.491687e-08,0.029733742,0.0022245492,0.003254018,7.816719056045489e-05,0.007660359598802161,0.0018312884285034156,0.00114688186510718,0.0005,0.0005,0.042499999999999975,5800
0.9000122875746857,505,0.7014160482021992,0.9946440116701147,0.9000122875746857,0.04720785126049627,-0.48762196,0.75601375,0.22289461,0.3867868,-0.5032778201499248,0.8009821208964925,0.15332055507197057,0.3067927131243695,3.6600944e-09,0.035159,0.002262488,0.0034468833,0.00011029951252728423,0.006785944040375649,0.001688398305100877,0.0010338822192365114,0.0005,0.0005,0.041999999999999975,5850
0.8998425290179912,550,0.7034482929909179,0.9855877408966381,0.8998425290179912,0.04635236601007262,-0.47157055,0.736775,0.20427004,0.4002491,-0.48890840378410183,0.7963896112983978,0.14169896796438666,0.3134993645429377,6.246651e-09,0.038475387,0.0022384617,0.0034074115,0.00011084013512566318,0.007264992835077956,0.0017589779449093455,0.0010853497627226268,0.0005,0.0005,0.041499999999999974,5900
0.8976717975214894,535,0.6950101477563609,0.9934726869142584,0.8976717975214894,0.049705778661559286,-0.44132078,0.6950746,0.21030602,0.37726346,-0.4756544391095285,0.762786231757144,0.14800559449810097,0.3016207260791569,1.3871841e-08,0.043754026,0.002583165,0.004155422,0.00010702535715549032,0.007024446621962362,0.001690789838425087,0.0010792638214502488,0.0005,0.0005,0.040999999999999974,5950
0.9017828619738012,514,0.7153696575793159,0.987658826641309,0.9017828619738012,0.0439296659094415,-0.47364074,0.7008945,0.2124265,0.38990876,-0.4901267217007814,0.7452130598421831,0.14251033970724872,0.30524700959619816,8.20819e-11,0.03718025,0.0019779822,0.0030321856,5.405166715058393e-05,0.006267413579646648,0.0016661967013683896,0.0010228203937912197,0.0005,0.0005,0.040499999999999974,6000
0.8967347177683922,699,0.7502887362766626,0.988613016457558,0.8967347177683922,0.04523353292456882,-0.4971786,0.7485509,0.22585575,0.40968236,-0.5053989472047,0.7981192324501993,0.15944705695811198,0.3292015812548936,6.266987e-08,0.023027366,0.00210932,0.0027612993,7.878283037887075e-05,0.005684159524026747,0.00160232389292767,0.000985405030864094,0.0005,0.0005,0.03999999999999997,6050
0.8966517447647463,564,0.7157014696239766,0.9915255713737857,0.8966517447647463,0.04962146587801052,-0.47996372,0.7206671,0.22012775,0.3934827,-0.5043899198605046,0.7547540132626999,0.15280370833763873,0.31083079086546134,4.9296123e-08,0.036538303,0.0025496404,0.0036600868,9.103344030427731e-05,0.006763471530822192,0.0015747489633012525,0.0010367990859380606,0.0005,0.0005,0.03949999999999997,6100
0.9032986362987379,400,0.6952927407158939,0.9895010742610926,0.9032986362987379,0.045934514170616406,-0.49833992,0.70951384,0.21481697,0.39737028,-0.524521755554582,0.7496269653221804,0.1399087776603798,0.30588596119784867,1.0669826e-08,0.040829994,0.0021627778,0.0033859094,3.105879586847014e-05,0.005897720678847168,0.0014627220870814855,0.0009406409869345874,0.0005,0.0005,0.03899999999999997,6150
0.9056302559791097,384,0.7661061678883206,0.9905589592590586,0.9056302559791097,0.0455503688163759,-0.4839104,0.6747501,0.20873421,0.41130733,-0.5054246453855518,0.7321996840190145,0.14088109972880142,0.3183602175515949,1.055929e-08,0.018370755,0.0021722142,0.0028189186,9.448833475761335e-05,0.0050932638732776045,0.0014535116137013814,0.0008852620621249258,0.0005,0.0005,0.03849999999999997,6200
0.9051433773635413,387,0.7595424903537072,0.9908193902870159,0.9051433773635413,0.0471889107721125,-0.5171673,0.6701889,0.20771396,0.40848595,-0.543280644817907,0.7401043874980895,0.14333694752574416,0.3203177862534957,3.50953e-08,0.022179244,0.0022803287,0.0034835176,0.00010056425528266275,0.005695379129999829,0.0014176147621830714,0.0009718798464341166,0.0005,0.0005,0.03799999999999997,6250
0.9053670419567658,424,0.774751018962884,0.9880692512662353,0.9053670419567658,0.04461817872466575,-0.501459,0.6903448,0.19583622,0.4146545,-0.5255299977730868,0.7946186461495943,0.13360738816743378,0.32169617388913435,8.5300655e-12,0.017558381,0.002080629,0.0026589201,0.00016538622819669803,0.00482680230382221,0.0013433885177819404,0.0008713068661154341,0.0005,0.0005,0.03749999999999997,6300
0.9046399330422815,368,0.7072457991064602,0.993057157403406,0.9046399330422815,0.04858338144228001,-0.49863422,0.682227,0.19148166,0.39332557,-0.5252159997845711,0.7180698471065589,0.1315649407745596,0.3036714927670047,9.083582e-09,0.039200015,0.0024522992,0.004274305,3.897255041091791e-05,0.0066343761056731464,0.0013547372302599996,0.0009212697058858391,0.0005,0.0005,0.03699999999999997,6350
0.9125078164521514,324,0.7802689004576352,0.9794010511624919,0.9125078164521514,0.042915679024195144,-0.4884657,0.6717594,0.2064562,0.38576967,-0.5082965029963432,0.7096827887740321,0.13954800479687357,0.2990394387531902,9.766282e-09,0.018487986,0.0019461513,0.0029235221,8.602346247464685e-05,0.005202992255905212,0.0013289801473711175,0.0008186784350786834,0.0005,0.0005,0.03649999999999997,6400
0.9077895834427241,331,0.7762421375100678,0.9878766157141612,0.9077895834427241,0.04440779893186107,-0.47246268,0.67395437,0.20137388,0.39094692,-0.525679167938612,0.7528742218217408,0.13904752002141402,0.30541771938611806,1.117715e-07,0.016017396,0.0020612983,0.002621496,0.00012802401490776094,0.0051222055348151465,0.0013391177153842396,0.0008270243264196853,0.0005,0.0005,0.03599999999999997,6450
0.9106015177134488,352,0.760162444083762,0.9902314237895137,0.9106015177134488,0.04464715199951208,-0.46380293,0.69277805,0.20622097,0.38088492,-0.49148467313328903,0.752735051154835,0.1390749220274776,0.2928362346177857,6.2104135e-08,0.02454057,0.00206619,0.003435233,0.0001150807228262272,0.004630833138197559,0.001260395187166719,0.0007710290623209906,0.0005,0.0005,0.03549999999999997,6500
0.9134662140256512,366,0.7716943410788705,0.9934444660237988,0.9134662140256512,0.03897052317677623,-0.45444793,0.6814508,0.20019822,0.37572646,-0.46995114158016965,0.7061311229090633,0.13886198662332416,0.2921460965694852,1.7226412e-08,0.017266035,0.0015476424,0.002158079,0.00011110521005059806,0.005732540423309874,0.0011909573485774352,0.0007564250385916921,0.0005,0.0005,0.03499999999999997,6550
0.9081764363493159,476,0.7900550377674781,0.9858236966091342,0.9081764363493159,0.041108098247650646,-0.48043883,0.6980654,0.19342625,0.3767202,-0.4951746136561443,0.7679734087768023,0.1355266360794702,0.293711873472245,2.8232567e-08,0.013708753,0.0017533018,0.0023652767,7.881155953157002e-05,0.004581253844185787,0.00117173315629053,0.0007042800981001797,0.0005,0.0005,0.03449999999999997,6600
0.9130972645215069,489,0.7573066002800721,0.9888529375608415,0.9130972645215069,0.036751088693017055,-0.48477763,0.6848314,0.19345197,0.3715983,-0.51759128874555,0.7191591368555408,0.1362437746513668,0.2923872065820844,2.9344974e-08,0.02233094,0.0014156057,0.0022462057,4.5474946401719924e-05,0.004776805237426629,0.001084362929425926,0.00065711147308531,0.0005,0.0005,0.03399999999999997,6650
0.9166888973221841,378,0.7466936377114556,0.9865165103333917,0.9166888973221841,0.037474688327817,-0.48258978,0.6857617,0.18899956,0.38404444,-0.49945168016714736,0.7158367427170594,0.13232651559676542,0.30267846027269346,5.080159e-07,0.028927796,0.0014827234,0.0028648225,6.405900845670453e-05,0.005044820831349444,0.0011193568160808264,0.0006950888695891372,0.0005,0.0005,0.03349999999999997,6700
0.9125367811888164,431,0.7659563680089241,0.9948787478217503,0.9125367811888164,0.03872060600786271,-0.48499924,0.69874537,0.1726188,0.4148721,-0.5062968494431281,0.744168913050796,0.11997012941770221,0.3200276214234394,4.5177572e-08,0.018584294,0.0015564313,0.0024401613,5.999041758434704e-05,0.0036589500932788176,0.0010476061616613293,0.0006281239850763372,0.0005,0.0005,0.03299999999999997,6750
0.9137005641868025,394,0.7765873699244047,0.9850912918081104,0.9137005641868025,0.04009858527975281,-0.46699575,0.6897771,0.17745139,0.39951995,-0.4978180144949013,0.7394844090909991,0.12675706582599272,0.3085596070012453,1.5010215e-09,0.019640071,0.0016796327,0.0026781352,6.455406219956435e-05,0.004980020417281845,0.0010857560603266183,0.0006959300575307683,0.0005,0.0005,0.032499999999999966,6800
0.9172535593386107,340,0.7382860623502817,0.9862299430518714,0.9172535593386107,0.039006988285468946,-0.46278536,0.68118787,0.17204638,0.39866966,-0.4800573397673653,0.7171909243056387,0.11851846971486366,0.3027018171779716,1.1429643e-07,0.03407969,0.0016075463,0.0027449457,4.052870738010954e-05,0.003926597175435599,0.0010424287191860549,0.0006156003844408034,0.0005,0.0005,0.031999999999999966,6850
0.9160666257541756,350,0.7709083042771958,0.9944848759977652,0.9160666257541756,0.036647950480827404,-0.4524604,0.68201935,0.1687587,0.4026162,-0.4760610696683864,0.7182888526352009,0.11583130511317076,0.3029909177046564,4.6530463e-08,0.022390263,0.001403587,0.0022982175,0.00011055540628302277,0.003511641657253168,0.001011383425054709,0.000588859195556428,0.0005,0.0005,0.031499999999999966,6900
0.922392034881354,267,0.7894689188894896,0.990329498554408,0.922392034881354,0.03776116964991884,-0.48572087,0.6873727,0.16796279,0.399846,-0.49462926498919507,0.7183022016206217,0.11502677119716816,0.2995277420094963,8.868994e-09,0.024044858,0.0015227814,0.0023421596,6.475068496183546e-05,0.003745012249567977,0.0009999869935994408,0.000653117528626971,0.0005,0.0005,0.030999999999999965,6950
0.9201641615319498,275,0.8070246769368524,0.9928086928573673,0.9201641615319498,0.03656792901276601,-0.46072096,0.67072105,0.16545029,0.38466984,-0.4915032362165745,0.7102906829531185,0.10644188859819759,0.2794483985974287,1.6427748e-11,0.011468918,0.0013282043,0.0019666401,4.755501289474899e-05,0.0030995817062776138,0.0009065415002463969,0.0005477517057537181,0.0005,0.0005,0.030499999999999965,7000
0.9157873545605706,386,0.7838261293117282,0.9853082495336013,0.9157873545605706,0.036509044431357246,-0.46753877,0.6697899,0.16518252,0.37629074,-0.47617058737342643,0.6880713195396695,0.11899852244248994,0.28917037253826333,7.0036776e-08,0.017473042,0.0014091185,0.0021860616,6.361707512415409e-05,0.003371634100250598,0.0009253729914851988,0.0005854751908054258,0.0005,0.0005,0.029999999999999964,7050
0.9198031400551151,314,0.7884353541123348,0.9828903236787424,0.9198031400551151,0.03539736126628969,-0.48860377,0.7059082,0.16671453,0.38494608,-0.5083909349522335,0.7419271315777259,0.1190141606946485,0.2999140020964882,2.0123991e-10,0.019359544,0.0013028036,0.0021268944,6.174399582809224e-05,0.003473731856767015,0.0008849194933001431,0.0006087248649103262,0.0005,0.0005,0.029499999999999964,7100
0.926351972474131,196,0.8163114373542729,0.9934947729000222,0.926351972474131,0.037919745128898535,-0.47918302,0.7217787,0.15723982,0.40340352,-0.5147854547330815,0.747156086251572,0.1048689771698635,0.2929124910703247,1.5076296e-08,0.013049155,0.0015279098,0.0019493665,4.974522499712516e-05,0.0032506765142607474,0.0008423448085140227,0.0005246553649616814,0.0005,0.0005,0.028999999999999967,7150
0.9198336395684236,268,0.8076527534295942,0.9875675431879721,0.9198336395684236,0.037916839440266324,-0.4859569,0.71295345,0.15270272,0.40082943,-0.4869438419386013,0.7316999505553249,0.11076478600708121,0.3054980985173901,6.3809026e-08,0.012583696,0.0015364616,0.002153462,6.381702678040659e-05,0.0028474971320217963,0.0008270630751105913,0.0005197861308548373,0.0005,0.0005,0.028499999999999966,7200
0.9276383372446787,220,0.809218288425915,0.9964389543221269,0.9276383372446787,0.03449686970980685,-0.45342475,0.7006989,0.16444665,0.39910814,-0.48242456589913796,0.719850984748376,0.10855456956926228,0.2937140301952107,3.2166557e-08,0.016808875,0.0012642631,0.0017864975,8.696729924748388e-05,0.0024044818591895155,0.0007988360210935958,0.0004881102434105432,0.0005,0.0005,0.027999999999999966,7250
0.9281067634317283,270,0.8081246062025662,0.986210707053557,0.9281067634317283,0.032016868559597615,-0.46857953,0.7089368,0.15490028,0.40828997,-0.4963743763641777,0.7449451596306277,0.10989818647947645,0.30811562878895127,7.813444e-09,0.013391347,0.0010719452,0.0016478536,1.8218673805659743e-05,0.002745029803175733,0.0007572956714017493,0.00046308103628650755,0.0005,0.0005,0.027499999999999965,7300
0.9304403907680606,200,0.7945206844500015,0.9922106003663145,0.9304403907680606,0.034384166281476246,-0.47194389,0.7041242,0.1511268,0.3968825,-0.47996449652700535,0.7437281251432536,0.09675188072842705,0.2801948799543017,7.439303e-08,0.01968569,0.0012471903,0.0021183619,3.769269143190175e-05,0.0033038947100700123,0.0007670972573357601,0.0005256684770596418,0.0005,0.0005,0.026999999999999965,7350
0.9359233620781491,178,0.8494874962260366,0.9915813022897249,0.9359233620781491,0.03164001942456087,-0.47679472,0.702593,0.14359878,0.40388283,-0.4912515410741632,0.7358287699977233,0.0929222507868855,0.2840551676230008,3.0478876e-08,0.009947491,0.0011315589,0.001506988,3.297294335543245e-05,0.0021237472697157762,0.000655764546720309,0.00039484813222547986,0.0005,0.0005,0.026499999999999968,7400
0.9343957023791912,165,0.8100765069864561,0.9892099902700529,0.9343957023791912,0.032240589755480414,-0.48993164,0.71708584,0.14788885,0.40204403,-0.5029386988590692,0.7296685979507219,0.08906210337255821,0.27521962826863533,1.2535253e-09,0.013892052,0.0011203452,0.0016588889,2.1784650742723853e-05,0.0024100411883434866,0.0006672641019230914,0.0004554255880519405,0.0005,0.0005,0.025999999999999968,7450
0.9347061454226202,169,0.8019003339933373,0.996540404614146,0.9347061454226202,0.0318633530378422,-0.48774335,0.72065187,0.1515874,0.40121,-0.5174772863707824,0.7289698919754245,0.1010618609343489,0.296325351686856,9.022333e-07,0.017385067,0.0010782443,0.0018083123,6.953984175682787e-05,0.001951955812417805,0.0006548107876481432,0.0003784204320894807,0.0005,0.0005,0.025499999999999967,7500
0.9345833169882095,172,0.7975630265326908,0.9949904163715123,0.9345833169882095,0.03172605162778967,-0.48894292,0.7089718,0.14937687,0.39524207,-0.5209074369158048,0.7193459593925118,0.09261270456047253,0.26949107130702493,2.5644204e-07,0.019090768,0.0011118279,0.0019052309,6.100811988873018e-05,0.0018975954024914807,0.0006263572139412061,0.00036634211453165025,0.0005,0.0005,0.024999999999999967,7550
0.9352495162405132,181,0.835777873569957,0.9871644193506082,0.9352495162405132,0.028312854463848968,-0.48628235,0.6937353,0.14528044,0.39156118,-0.4999237097228935,0.7194312339073521,0.08806156044098118,0.2656581392484701,1.9156107e-07,0.01319868,0.0008463802,0.0013217742,4.356348212772453e-05,0.0020408226108172053,0.0006371711415328432,0.0003870437723889548,0.0005,0.0005,0.024499999999999966,7600
0.9375429517891521,153,0.8495977934694313,0.9917139282327453,0.9375429517891521,0.030914363192674068,-0.48496282,0.6930444,0.14701064,0.39476064,-0.49423886179237747,0.6996008226956496,0.09473085562270535,0.27960250627265826,8.4259355e-10,0.009302735,0.0010025883,0.0014159577,5.6385828687579674e-05,0.0017782562450240776,0.0005346667759596035,0.00032138694058101455,0.0005,0.0005,0.023999999999999966,7650
0.9384357306040629,179,0.8734401156571762,0.985864259300649,0.9384357306040629,0.025506857625250234,-0.48220637,0.70569193,0.15666975,0.40247235,-0.5078320848036377,0.7195569251625182,0.1011860422335988,0.2883572407918401,5.3836438e-09,0.0048915413,0.00070365914,0.0009472931,2.590287499879528e-05,0.0020231034609637702,0.0005320808593107744,0.0003106179722033952,0.0005,0.0005,0.023499999999999965,7700
0.9329402492557318,288,0.8419694512231988,0.982810237302262,0.9329402492557318,0.02605718703480949,-0.48155737,0.72560716,0.15873787,0.41198823,-0.4888571469170923,0.7419057445584336,0.10576634164358491,0.3013710713846698,9.3122345e-09,0.0075585,0.00073130283,0.0011146094,4.110203994348976e-05,0.001899811359270078,0.0005077141955885273,0.00031320301013823163,0.0005,0.0005,0.022999999999999965,7750
0.9334465766104701,223,0.8314724240771413,0.9946131738881864,0.9334465766104701,0.027853699318704433,-0.48176324,0.7176668,0.15953512,0.41043776,-0.48853080091666906,0.7342394606399426,0.11019639960505241,0.3059327834719845,5.487131e-10,0.009510591,0.00080846564,0.0013274444,5.374759457504043e-05,0.0020952845117816954,0.0005237974901289226,0.0003326732328859167,0.0005,0.0005,0.022499999999999964,7800
0.9472930748613642,110,0.8667857007967465,0.985605824873941,0.9472930748613642,0.026597514639785907,-0.48776,0.6952511,0.15335293,0.41152802,-0.5005923581458136,0.7104700350127332,0.08853817455996359,0.2763858929811264,2.578929e-09,0.0069332104,0.0007253008,0.0011769403,4.0814893808809287e-05,0.0018541561428220585,0.0004781032065059538,0.00031635557813181287,0.0005,0.0005,0.021999999999999964,7850
0.9482337007394614,105,0.8469635242636505,0.9916482176750103,0.9482337007394614,0.026721735371398526,-0.47027558,0.705545,0.15537624,0.41029647,-0.48787327470728314,0.7114506275695479,0.08677683797385156,0.26376815841468965,9.437328e-08,0.011528948,0.00076519314,0.0014538335,3.661737244953922e-05,0.001184803568636333,0.0004412278774361915,0.0002627455185152229,0.0005,0.0005,0.021499999999999964,7900
0.9433367487732836,148,0.8459182407716801,0.9912989489319877,0.9433367487732836,0.025370521658732506,-0.47342768,0.70481664,0.16117203,0.40540358,-0.4826987483446416,0.7179645388117316,0.0916578175914008,0.26834928238998296,3.6539124e-08,0.009391005,0.0007214327,0.0012152601,3.427529721168861e-05,0.0011985110688493953,0.0004630348523347514,0.0002574538825073425,0.0005,0.0005,0.020999999999999963,7950
0.9456024767071725,135,0.8891639941044251,0.9881105070605978,0.9456024767071725,0.023095247035230686,-0.48273623,0.7097949,0.15653156,0.41752,-0.49064828326687093,0.7270324073262601,0.09251548497669915,0.2821214989556049,3.1740374e-08,0.003537326,0.00054561294,0.0006201753,2.69905504431679e-05,0.001141094327225381,0.0003825675711436438,0.00025126457215464426,0.0005,0.0005,0.020499999999999963,8000
0.9444209154657252,146,0.8644289367657619,0.9908108674465933,0.9444209154657252,0.023533944724301262,-0.48683023,0.70970094,0.15587406,0.41771233,-0.506978651766428,0.7306841421251349,0.09323623282375267,0.27767840097481455,5.67014e-08,0.007684644,0.0006072555,0.001101956,7.56599476583064e-06,0.0013383085472517867,0.00042112320039010796,0.0002844764366931999,0.0005,0.0005,0.019999999999999962,8050
0.9464032500092195,127,0.8588008930042651,0.989671804427808,0.9464032500092195,0.024934421312424144,-0.47853017,0.701653,0.16940738,0.39871824,-0.4856558384042403,0.7168471223382392,0.09327839497797011,0.26413078179635746,6.765788e-09,0.008975199,0.0006753033,0.0010740147,3.631151900418881e-05,0.0013385665866165939,0.0003886306583959306,0.0002496861470364708,0.0005,0.0005,0.019499999999999962,8100
0.9492365876975374,117,0.8656131649536153,0.9953411420242722,0.9492365876975374,0.024725991491938378,-0.47815233,0.7010741,0.15761152,0.41422427,-0.4922826987331205,0.7129667771633147,0.08774699870636886,0.26957943546307056,2.802102e-07,0.008548539,0.0006367657,0.0012491547,1.8138196717804913e-05,0.0013414350135386628,0.0003871258988154652,0.00026711081618125895,0.0005,0.0005,0.01899999999999996,8150
0.9510501290616873,103,0.8736357246386678,0.9890954551112155,0.9510501290616873,0.022833587429485606,-0.4841708,0.6984246,0.164846,0.4057647,-0.49058730457210525,0.7204616206467251,0.0950742314167591,0.26631330875893283,1.4506476e-09,0.005352873,0.00055779656,0.0007981157,2.296419091631605e-05,0.001011349693158676,0.00033947753137321597,0.00020142434720090704,0.0005,0.0005,0.018499999999999964,8200
0.9544685701450272,91,0.8849931984333346,0.9946055568720287,0.9544685701450272,0.023216121781069587,-0.48268545,0.6935626,0.16485438,0.40629378,-0.4918584444371318,0.71290525587873,0.0918190874799233,0.2658209049163898,1.6660488e-07,0.0053260177,0.0005708596,0.0007773057,1.4032704974458618e-05,0.0008489323607266813,0.00031043863542873574,0.00019737204079580358,0.0005,0.0005,0.017999999999999967,8250
0.9557859592612633,88,0.8976542058544363,0.9904433751242825,0.9557859592612633,0.021280179265809235,-0.48690233,0.68616414,0.17063959,0.39884025,-0.486455741643105,0.7128259618443883,0.08655163453237352,0.24930344549664585,2.1881556e-07,0.0044281036,0.00050797075,0.00078116305,4.4779145620517766e-05,0.0009464885973303258,0.0003013882656659771,0.0001794558735810048,0.0005,0.0005,0.017499999999999967,8300
0.9556357306915993,90,0.9013990565111547,0.9952147909653142,0.9556357306915993,0.022706316497800503,-0.47915953,0.68410707,0.15936385,0.40849328,-0.4841357495188234,0.6960711925867061,0.08477176776874398,0.25780050960283657,4.0144562e-07,0.0035217733,0.0005551083,0.0007310114,4.3584185413423155e-05,0.0016758981249563795,0.0003203481256029554,0.00023123904718439251,0.0005,0.0005,0.016999999999999967,8350
0.9595339276433572,78,0.8970544231021077,0.9960558485393856,0.9595339276433572,0.020249540892758842,-0.48810118,0.67406166,0.16670986,0.39969653,-0.47344785834352426,0.6843797451784297,0.08867992664073769,0.25541037770727026,1.9438889e-07,0.0043866024,0.00043224514,0.00068569195,4.648105473683209e-05,0.0011882479901456529,0.0002754110769090742,0.00019298799381040714,0.0005,0.0005,0.016499999999999966,8400
0.9565063958976633,87,0.9026037684436756,0.9910402291100957,0.9565063958976633,0.01968725877784728,-0.48778313,0.6854797,0.15938051,0.41049996,-0.4922973190601541,0.6883736106442798,0.08119132926059816,0.2543356269502214,3.1974423e-14,0.004009971,0.00042619673,0.0007279693,7.826621921593075e-06,0.0010202802219033858,0.0002670364780518131,0.00017546176684214295,0.0005,0.0005,0.01599999999999997,8450
0.9569068330299643,82,0.9010304622201811,0.991819105952358,0.9569068330299643,0.01904419212507656,-0.46551597,0.69313157,0.1604654,0.4124319,-0.4803222813786244,0.7075713209051934,0.07730115123826793,0.24723180497496755,8.1377735e-08,0.002988461,0.00036062606,0.0005281709,1.4947630403698287e-05,0.0006514928119380922,0.0002193392888356232,0.00014256481263091072,0.0005,0.0005,0.01549999999999997,8500
0.956784873645149,94,0.9000550455070161,0.9922279992637362,0.956784873645149,0.019293586287989058,-0.48400807,0.6964855,0.16815563,0.4027359,-0.49421245822343846,0.7083290185615947,0.0846871031438418,0.2508886774211496,2.554168e-07,0.0036261042,0.00042319996,0.0006598701,3.457231189539469e-05,0.0007716637128762591,0.0002287217644963876,0.00014460195358390602,0.0005,0.0005,0.014999999999999972,8550
0.9640255151540723,71,0.9214269779121681,0.996155584000177,0.9640255151540723,0.01797915152018229,-0.46922618,0.6933719,0.16742776,0.40244323,-0.4739587605403154,0.6968488012043276,0.08392841865579516,0.2508582044688997,2.7220267e-08,0.002621712,0.00035762723,0.00051882013,2.1415163491782318e-05,0.0006966845280765681,0.00020174897266151003,0.00014053817704534066,0.0005,0.0005,0.014499999999999973,8600
0.9634591957873205,75,0.9046819166566163,0.9978576402089244,0.9634591957873205,0.01937292930625876,-0.46141055,0.68854845,0.17009214,0.39676434,-0.47217010631138573,0.7047595966726892,0.08693786683922462,0.2528590027235969,8.219594e-10,0.0047251154,0.00040957902,0.0006895673,1.4729485763485182e-05,0.000565559647621055,0.00018450865787212993,0.000114780174704248,0.0005,0.0005,0.013999999999999974,8650
0.967472206708216,61,0.9090297664572331,0.9987440464770839,0.967472206708216,0.017284592577381328,-0.478818,0.69024944,0.1589908,0.40547922,-0.4743759367363674,0.6971755004866143,0.08005705747560593,0.24460649163046438,2.0348034e-07,0.003355656,0.00032823143,0.0005338622,2.2799439519377815e-05,0.00041817035195634204,0.00016320770363555855,9.487702720277319e-05,0.0005,0.0005,0.013499999999999976,8700
0.966656957605012,63,0.9191893553162318,0.9933425737596622,0.966656957605012,0.015916512616338512,-0.4780859,0.69199586,0.16142018,0.40552613,-0.47899288058461276,0.6938265524467112,0.07317890915079259,0.23283965816861796,3.987033e-08,0.0022558323,0.00026028414,0.000431518,1.7790310550599095e-05,0.0005408565092162186,0.00016265437192474933,0.00010358459413142262,0.0005,0.0005,0.012999999999999975,8750
0.9660451282940054,65,0.917318035796542,0.9969253006702895,0.9660451282940054,0.016052669064395154,-0.4630322,0.69614506,0.15860565,0.4085632,-0.4569985369454181,0.7045323494656348,0.0854011831470005,0.2546456663293276,4.078914e-07,0.0025751467,0.00027083326,0.0004135522,1.2807138657701902e-05,0.00035202941307151787,0.00014128977076625516,7.830790345388174e-05,0.0005,0.0005,0.012499999999999976,8800
0.9706029184508416,58,0.9274926034594402,0.9946928063603325,0.9706029184508416,0.014929148637934639,-0.46675998,0.69310826,0.15340143,0.40884414,-0.47086554641645056,0.6938215700569693,0.08349013541322933,0.26031032830029577,8.3844625e-08,0.002127702,0.00024126498,0.00039035987,1.1233637697604997e-05,0.00042543290779839494,0.00012539137758242085,9.02033863860461e-05,0.0005,0.0005,0.011999999999999978,8850
0.9722440825279705,54,0.9371660771149297,0.9929112892802927,0.9722440825279705,0.011266242075875427,-0.48159555,0.69301045,0.15942855,0.40608218,-0.48513976524786906,0.694015548674409,0.07991558471103637,0.2507660959650312,1.3219648e-11,0.0013552117,0.0001439099,0.00022940701,1.4130038293684343e-05,0.0002608607692088545,0.00011292403826358617,5.5083268016414076e-05,0.0005,0.0005,0.011499999999999979,8900
0.9725693668478576,60,0.9230093117243615,0.997114055153741,0.9725693668478576,0.015538660821165586,-0.4878757,0.68742156,0.1659315,0.40177464,-0.47525313282521325,0.7022782551749528,0.08740110432410271,0.2530408165021396,3.2933082e-07,0.0027946546,0.0002640411,0.00039981914,1.868471408046315e-05,0.0005015309630435173,0.00011068922100876969,7.944369428827201e-05,0.0005,0.0005,0.01099999999999998,8950
0.9750450759232199,57,0.9332846077770371,0.9943323851061437,0.9750450759232199,0.013421189376846764,-0.4800887,0.69045895,0.1694756,0.40347162,-0.4818249013420878,0.6914633389838546,0.08815822560277856,0.2579877091163182,1.9187425e-07,0.0017572369,0.00019232121,0.00030298578,1.0163203487987703e-05,0.00031906830903410125,0.00010083488679938794,6.724703994339381e-05,0.0005,0.0005,0.010499999999999982,9000
0.976189716885982,54,0.9141734922754753,0.9948074864858689,0.976189716885982,0.014887444451788407,-0.47262233,0.68021876,0.16859756,0.39967567,-0.47185118850691005,0.6970061569766082,0.08810234323793481,0.2548220992665302,3.326619e-10,0.0047989544,0.00024123813,0.00069224916,7.740380337749661e-06,0.000337946109094059,9.853047572047248e-05,6.546271226144423e-05,0.0005,0.0005,0.009999999999999981,9050
0.9769675816344711,51,0.9406905621647179,0.9968751885285192,0.9769675816344711,0.012318958190617272,-0.4356522,0.6838051,0.17068554,0.39935887,-0.43429854453621525,0.6915481378319444,0.06866074269909932,0.21696888903923445,1.11932685e-08,0.0019540566,0.00016661764,0.0002889117,1.1154314978579889e-05,0.00021012051522636385,7.548650432113446e-05,4.514582225060356e-05,0.0005,0.0005,0.009499999999999982,9100
0.9724273012636678,55,0.944884502500986,0.9899879212886409,0.9724273012636678,0.01076266783658576,-0.4877564,0.67945147,0.16640964,0.3959436,-0.4295266664960687,0.678483564878334,0.08139423340437249,0.2438759491761133,1.648578e-07,0.00094066275,0.00011802655,0.0001771039,7.258896927776591e-06,0.0002860911398419374,8.912861817366627e-05,6.248214304335154e-05,0.0005,0.0005,0.008999999999999984,9150
0.974839493820434,53,0.944517022369334,0.9994757207069327,0.974839493820434,0.010422964417814365,-0.4888978,0.678141,0.16943721,0.3995433,-0.49579157262923,0.6775317129564855,0.08754693978525166,0.24667234386791542,1.8010269e-09,0.0011204227,0.00011700116,0.00019277705,9.029203867591228e-06,0.00021818183972893934,7.008139227954539e-05,4.3105484553188645e-05,0.0005,0.0005,0.008499999999999985,9200
0.975253492072239,54,0.9464754634812298,0.9936467323027872,0.975253492072239,0.010714742117117182,-0.4714472,0.67640334,0.16677012,0.4029037,-0.469427559144617,0.6784208436098016,0.08157595977406998,0.24549075019217706,1.1780944e-08,0.000795235,0.0001251992,0.00017291453,1.2879851555845586e-05,0.00014168315548507206,6.540006115010784e-05,3.5535307165645334e-05,0.0005,0.0005,0.007999999999999986,9250
0.9760263921200059,55,0.9405631705543855,0.9970900523149544,0.9760263921200059,0.012854366919656728,-0.48584163,0.6754086,0.16953847,0.4035982,-0.4787918141409822,0.6821979018830063,0.09273523696659425,0.25873496534612284,3.240217e-10,0.00086317176,0.00018700812,0.00021609533,8.141838581018535e-06,0.00020960695048820904,5.9766600739981316e-05,3.9237608010234225e-05,0.0005,0.0005,0.007499999999999988,9300
0.9809553688377349,50,0.9575629174418853,0.994663703990575,0.9809553688377349,0.007508457639264026,-0.4807974,0.673371,0.17205176,0.39792168,-0.48458314407334724,0.6764733853639003,0.07423319151364594,0.22054052367965143,1.075496e-06,0.0005359431,6.419905e-05,0.0001018013,1.5175820522692659e-05,0.0001327240723165514,4.677748249712684e-05,2.3799163961628627e-05,0.0005,0.0005,0.006999999999999989,9350
0.9821013618749562,50,0.9580681130374172,0.997670782632989,0.9821013618749562,0.009082726470410954,-0.47062793,0.67324245,0.17111963,0.39901146,-0.470613547682073,0.6814128586833601,0.08682460167491043,0.252202618693609,4.6041555e-07,0.00036980468,8.333184e-05,9.470147e-05,6.555693555962063e-06,0.0001033984025571036,4.299690456048802e-05,2.443371286600787e-05,0.0005,0.0005,0.00649999999999999,9400
0.9837585269322237,50,0.9678820306517217,0.9965738818872801,0.9837585269322237,0.007198667319423484,-0.47514272,0.6780286,0.17122927,0.40109408,-0.47453022049241006,0.6856004253127742,0.07678069962802582,0.2326997913445191,4.0705436e-07,0.00037247097,5.587324e-05,7.4191135e-05,1.558075605639423e-06,0.0001413820157090499,3.6918926489344446e-05,2.4404718179595115e-05,0.0005,0.0005,0.0059999999999999915,9450
0.9847071718939507,50,0.96516133834229,0.9964609513937164,0.9847071718939507,0.0072979634476651135,-0.4665711,0.6784128,0.16927083,0.4030434,-0.4752825161774684,0.6824936849610483,0.08201984485957414,0.24729511599894094,1.1261001e-09,0.0003875403,5.415445e-05,7.0984046e-05,7.194395727787322e-07,0.00013337632432724138,3.164618283107819e-05,2.127227542994888e-05,0.0005,0.0005,0.005499999999999992,9500
0.98681911926391,50,0.9695027462137962,0.9977122512964037,0.98681911926391,0.007701870680510613,-0.4833301,0.6781167,0.17686045,0.39672142,-0.4127565718182041,0.6812850085882634,0.0934968368659102,0.2529870011418026,3.0188207e-08,0.00040739548,6.138765e-05,6.97966e-05,4.408605455028597e-06,7.220988492705652e-05,2.430776979393274e-05,1.5803632256018673e-05,0.0005,0.0005,0.004999999999999992,9550
0.9868960391186852,50,0.9686741174775634,0.9971310307197235,0.9868960391186852,0.0060734805281394974,-0.47601986,0.6748513,0.16984507,0.40210474,-0.46767464037189405,0.6819529538454372,0.07836971056765855,0.23796894533843785,3.0271114e-08,0.00024861828,3.422898e-05,4.4070628e-05,3.5445120298763454e-06,4.9532417890431616e-05,1.908847131147873e-05,1.0617265739621465e-05,0.0005,0.0005,0.004499999999999994,9600
0.9873366676682334,50,0.9647859392700066,0.9982698426399682,0.9873366676682334,0.0067639378113438075,-0.47785157,0.6787794,0.17193691,0.40155727,-0.46031740078696665,0.6810211839064092,0.08383581811776132,0.24514845258272966,2.0961156e-08,0.00029909651,4.4606066e-05,6.117038e-05,1.692142442467208e-06,4.0818222919803156e-05,1.5936403569134695e-05,8.938244779387763e-06,0.0005,0.0005,0.003999999999999994,9650
0.9896709199754341,50,0.9729855445354287,0.9974807931060328,0.9896709199754341,0.005433991979692959,-0.48126817,0.67890537,0.1786278,0.39623347,-0.4646782795033771,0.6767600189557507,0.08288549039027872,0.23303944022735476,2.7220267e-08,0.00016345058,3.1022344e-05,3.7982012e-05,1.400343124462877e-06,5.149938209092639e-05,1.2252280473222444e-05,9.386988047432517e-06,0.0005,0.0005,0.003499999999999995,9700
0.9908574617605475,50,0.9804566823136335,0.9978518792752995,0.9908574617605475,0.0036157994690728576,-0.47641775,0.67688423,0.16905412,0.40581578,-0.47006264786315166,0.674786705350694,0.0837357964416436,0.2538928638041809,1.0608346e-08,8.603814e-05,1.4112577e-05,1.978729e-05,3.4198382773778905e-07,2.71954130203492e-05,8.561856508618988e-06,5.80388334921307e-06,0.0005,0.0005,0.0029999999999999953,9750
0.9901513681221794,50,0.9831314927408352,0.9970003543864617,0.9901513681221794,0.0031408513054941613,-0.47495836,0.67763007,0.17392474,0.40399167,-0.47710491681608086,0.6806328132680262,0.08344503014587071,0.24877145586315755,5.77538e-09,6.0863913e-05,1.2028479e-05,1.5700954e-05,3.610728279537331e-07,1.2659350710182287e-05,4.92310789222929e-06,2.725003616570867e-06,0.0005,0.0005,0.002499999999999996,9800
0.9929276447211237,50,0.9850802545062883,0.9976589867137688,0.9929276447211237,0.0028156707424615325,-0.47927213,0.67672455,0.17162594,0.4058768,-0.48272795412316166,0.6777661822846165,0.08543658880479388,0.2521045290032546,1.0982717e-09,7.976775e-05,8.2600545e-06,1.25676e-05,7.281340833283455e-07,8.678280948605958e-06,4.114952365067639e-06,2.0849381440376862e-06,0.0005,0.0005,0.001999999999999997,9850
0.9933597543237032,50,0.9824648687429721,0.9989828996980361,0.9933597543237032,0.0034035608688969235,-0.47255224,0.6762082,0.17644544,0.39863122,-0.4558564394012233,0.6772767707801708,0.08435096558279132,0.24581885561513656,2.2561153e-10,8.028603e-05,9.8181845e-06,1.5312899e-05,2.0598000345814954e-07,4.959497953619487e-06,2.6049246306096253e-06,1.1334814353513733e-06,0.0005,0.0005,0.0014999999999999979,9900
0.9933654020072323,50,0.9825537535558859,0.9962873213533955,0.9933654020072323,0.0030196787554206557,-0.48046166,0.6787657,0.17206265,0.40720156,-0.473371367244992,0.6763002903257268,0.07807873911303145,0.24212708196025715,5.8850347e-10,2.959551e-05,6.313421e-06,8.5728325e-06,1.6478562841899997e-07,3.678273469735224e-06,1.2099566470094597e-06,7.973869175235526e-07,0.0005,0.0005,0.0009999999999999985,9950
0.9935676804064315,50,0.9789321400546076,0.9971512744700138,0.9935676804064315,0.00260818803611149,-0.4794678,0.6788341,0.17064966,0.40872642,-0.48021083890467997,0.6775977686624476,0.07356141932138986,0.23403396349906835,1.966555e-09,7.261287e-05,6.4233623e-06,1.1766643e-05,1.048297554523059e-08,8.361436369129104e-07,2.4456790551031273e-07,1.6571470761666375e-07,0.0005,0.0005,0.0004999999999999993,10000
